Activity Id,Date,Type,Route Name,Distance (km),Duration,Average Pace,Average Speed (km/h),Calories Burned,Climb (m),Average Heart Rate (bpm),Friend's Tagged,Notes,GPX File
c37e7ff3-a8ab-4739-95d5-b0631c47ddd7,2024-12-10 18:00:57,Running,,2.87,36:22,12:41,4.73,186.0,21,,"","",2024-12-10-180057.gpx
becc4798-4db0-4a19-bf61-c32ebd5650f2,2024-12-01 15:23:10,Running,,7.97,1:16:59,9:40,6.21,559.0,41,,"","",2024-12-01-152310.gpx
4f2886fd-f7b4-4ce6-bdde-823eeab292a3,2024-11-17 16:04:34,Running,,3.85,38:12,9:56,6.04,285.0,15,,"","",2024-11-17-160434.gpx
98b4b003-9d1c-4743-bd88-b19766453fdd,2024-11-02 16:15:58,Running,,7.86,1:10:45,9:00,6.67,568.0,42,,"","",2024-11-02-161558.gpx
f39e4a9e-dd37-4f3a-8d7e-47cb259c5c4b,2024-10-26 17:14:17,Running,,7.95,1:07:10,8:27,7.10,580.0,41,,"","",2024-10-26-171417.gpx
25cf8bf1-9b04-4809-87f8-28e48ba07550,2024-10-24 17:17:13,Running,,2.74,29:14,10:41,5.62,197.0,20,,"","",2024-10-24-171713.gpx
9eb259ea-eba3-401b-9085-369d5533c671,2024-10-22 17:35:24,Running,,7.92,1:12:40,9:10,6.54,572.0,42,,"","",2024-10-22-173524.gpx
34770c5d-606c-4885-bbc7-216f02b99d4a,2024-10-17 17:25:07,Running,,7.98,1:16:04,9:32,6.30,561.0,43,,"","",2024-10-17-172507.gpx
49804033-01b0-4cec-ab56-dd777ceb05c7,2024-10-14 17:38:58,Running,,7.96,1:13:42,9:16,6.48,567.0,41,,"","",2024-10-14-173858.gpx
0b75e97c-52f5-4fa6-bc9d-1adab1f555ab,2024-10-13 17:52:15,Running,,7.96,1:19:46,10:02,5.98,556.0,41,,"","",2024-10-13-175215.gpx
03874448-f406-4653-8ee1-2ad2109095ea,2024-10-11 17:28:07,Running,,7.91,1:09:26,8:47,6.83,577.0,39,,"","",2024-10-11-172807.gpx
35dac801-2a8d-40ba-a1a2-37c616530db3,2024-10-07 17:40:00,Running,,7.91,1:13:26,9:17,6.47,569.0,42,,"","",2024-10-07-174000.gpx
76dbbff0-be25-4904-89d8-2d99d5a74d97,2024-10-06 17:46:34,Running,,3.05,37:12,12:13,4.91,224.0,19,,"","",2024-10-06-174634.gpx
4bd6d0ed-dc9a-4802-9711-331f7d72c72b,2024-10-05 17:56:18,Running,,7.91,1:10:38,8:56,6.72,580.0,41,,"","",2024-10-05-175618.gpx
1266fc6b-f123-4b52-92d7-812b4652316a,2024-10-04 17:56:56,Running,,8.00,1:11:40,8:58,6.70,587.0,42,,"","",2024-10-04-175656.gpx
d706715d-45fc-4261-9fdc-3043460f5bb2,2024-10-02 17:56:30,Running,,7.90,1:13:08,9:16,6.48,578.0,39,,"","",2024-10-02-175630.gpx
8a130723-403a-479c-ba8f-122b30525518,2024-09-30 17:56:39,Running,,7.88,1:12:40,9:13,6.50,577.0,41,,"","",2024-09-30-175639.gpx
2663fd46-c646-4e3a-a452-3e24499cf03d,2024-09-29 18:01:56,Running,,7.97,1:13:38,9:14,6.49,574.0,42,,"","",2024-09-29-180156.gpx
d9308ea3-9023-4b5c-a237-3545f4f1df8b,2024-09-25 18:06:22,Running,,7.92,1:18:24,9:54,6.06,561.0,39,,"","",2024-09-25-180622.gpx
1b1b9d0d-5385-4724-b42d-e972e7ac484f,2024-09-23 18:45:14,Running,,3.08,42:38,13:52,4.33,221.0,20,,"","",2024-09-23-184514.gpx
cf71142f-292c-4438-96d4-f7fa45b7065e,2024-09-22 18:17:37,Running,,7.98,1:12:38,9:06,6.59,576.0,42,,"","",2024-09-22-181737.gpx
d3591d4f-4c54-471d-a8d8-10c55b227d64,2024-09-21 18:35:23,Running,,7.92,1:12:16,9:08,6.57,578.0,43,,"","",2024-09-21-183523.gpx
ba95603e-af4b-44d0-a2ef-4a2e2bd70e52,2024-09-16 18:42:05,Running,,7.92,1:10:54,8:57,6.70,585.0,42,,"","",2024-09-16-184205.gpx
6479c142-6834-46d9-8de3-71fec2146d65,2024-09-14 18:59:33,Running,,8.02,1:11:15,8:53,6.76,582.0,41,,"","",2024-09-14-185933.gpx
25c8115f-1c2c-4d47-9fc8-44dc7bbfb445,2024-09-12 18:46:58,Running,,7.99,1:13:56,9:15,6.49,581.0,42,,"","",2024-09-12-184658.gpx
b40c5b35-bebe-4b0a-bb35-2a753df15745,2024-09-11 19:06:56,Running,,7.94,1:13:47,9:18,6.45,567.0,41,,"","",2024-09-11-190656.gpx
f7acf165-80f4-4d10-897c-7dac04bbc2e9,2024-09-08 18:01:00,Running,,7.86,1:14:01,9:25,6.37,559.0,42,,"","",2024-09-08-180100.gpx
ac77da90-acb8-40e3-b62b-82d23a1b85fd,2024-09-06 18:58:06,Running,,7.94,1:13:27,9:15,6.48,564.0,43,,"","",2024-09-06-185806.gpx
47bb5a8b-aac4-4519-ac78-fae4dde7a74b,2024-09-05 19:19:41,Running,,7.93,1:13:50,9:19,6.44,573.0,41,,"","",2024-09-05-191941.gpx
19c0ec6b-9a6b-4e27-a646-e863b8d80b92,2024-08-17 19:04:41,Running,,8.10,1:15:15,9:17,6.46,561.0,42,,"","",2024-08-17-190441.gpx
9f0e2a13-e5a3-4e2d-9e1f-f19742ebec75,2024-08-15 19:21:22,Running,,7.95,1:17:49,9:47,6.13,561.0,44,,"","",2024-08-15-192122.gpx
c9fd74b7-dd24-4b34-bd6f-74ffc786c6c6,2024-08-12 20:01:29,Running,,8.02,1:14:19,9:16,6.48,581.0,42,,"","",2024-08-12-200129.gpx
dd933917-e968-4d4b-9753-987e6f2cd0f0,2024-08-10 19:17:00,Running,,4.28,56:03,13:06,4.58,313.0,30,,"","",2024-08-10-191700.gpx
80988619-a5a0-4542-b5fb-cead77c4c28d,2024-08-08 19:20:18,Running,,8.03,1:12:02,8:59,6.68,574.0,38,,"","",2024-08-08-192018.gpx
bf4efd78-082d-4df4-8583-2bf4585c9a09,2024-08-04 17:58:58,Running,,3.98,46:35,11:42,5.13,270.0,36,,"","",2024-08-04-175858.gpx
8e22fbb5-6256-4850-8104-a67e325ce499,2024-08-01 19:35:07,Running,,8.03,1:13:47,9:11,6.53,581.0,40,,"","",2024-08-01-193507.gpx
ba3ad0d8-ac54-4037-8465-547bce67e2b9,2024-07-30 19:32:12,Running,,7.98,1:12:42,9:07,6.59,577.0,41,,"","",2024-07-30-193212.gpx
c77fcb7f-ba88-4507-ba18-0c56d781568f,2024-07-24 19:38:46,Running,,8.15,1:10:35,8:40,6.92,586.0,38,,"","",2024-07-24-193846.gpx
4b4254ba-5aaf-4afd-ba93-b7a0db50ace0,2024-07-14 19:22:56,Running,,8.00,1:11:50,8:59,6.68,578.0,41,,"","",2024-07-14-192256.gpx
2ca20f50-1134-4696-b244-304da593da10,2024-07-12 19:02:22,Running,,8.06,1:17:34,9:38,6.23,565.0,46,,"","",2024-07-12-190222.gpx
e3a2d7f9-74b3-491c-8443-37ea227e630d,2024-07-05 20:12:04,Running,,8.10,1:10:41,8:44,6.87,596.0,41,,"","",2024-07-05-201204.gpx
ddc79b73-8a63-4ffd-bc97-2b9218a3e762,2024-06-25 19:32:48,Running,,8.05,1:14:37,9:16,6.48,581.0,40,,"","",2024-06-25-193248.gpx
e179c7ad-115b-4a10-9d37-b68f6e958e17,2024-06-19 19:36:08,Running,,7.95,1:11:29,8:59,6.67,580.0,42,,"","",2024-06-19-193608.gpx
45bf9e3d-b683-47df-ab55-3506701db18d,2024-06-14 20:19:55,Running,,8.08,1:12:30,8:59,6.68,584.0,41,,"","",2024-06-14-201955.gpx
52409479-3734-4b73-895b-fa6651de91ce,2024-06-01 19:39:55,Running,,7.94,1:13:51,9:18,6.45,573.0,43,,"","",2024-06-01-193955.gpx
6a275030-f421-43e9-9d23-c0acbc8198ae,2024-05-28 19:48:46,Running,,8.23,1:11:06,8:38,6.95,604.0,39,,"","",2024-05-28-194846.gpx
da309a3c-3529-4e10-9aa6-e4310f0c5877,2024-05-23 20:02:50,Running,,8.26,1:14:19,9:00,6.67,590.0,42,,"","",2024-05-23-200250.gpx
6b132852-df17-4c1a-9ab7-fb92d9645dbb,2024-05-14 19:34:05,Running,,7.98,1:09:40,8:44,6.87,594.0,42,,"","",2024-05-14-193405.gpx
9ac2c33a-2778-460f-9502-8fd3e62c2392,2024-05-08 19:46:19,Running,,7.95,1:12:42,9:09,6.56,566.0,39,,"","",2024-05-08-194619.gpx
948f4398-f151-4fba-b30c-ec03d6d462de,2024-05-06 19:36:05,Running,,8.05,1:13:36,9:09,6.56,581.0,41,,"","",2024-05-06-193605.gpx
a457bcfc-4289-407a-a9c4-cddca3a649d5,2024-05-04 19:40:30,Running,,8.02,1:10:00,8:43,6.88,586.0,42,,"","",2024-05-04-194030.gpx
73c39b44-5691-4202-8837-21b9514afc43,2024-05-01 19:42:48,Running,,7.95,1:08:42,8:38,6.94,576.0,37,,"","",2024-05-01-194248.gpx
4fcab446-b9ef-4aba-8869-abd454c2bea0,2024-04-29 18:47:08,Running,,7.92,1:07:54,8:34,7.00,574.0,40,,"","",2024-04-29-184708.gpx
3403ba69-0336-4efd-a357-daa91d31f06c,2024-04-26 19:06:33,Running,,8.16,1:11:04,8:43,6.89,580.0,43,,"","",2024-04-26-190633.gpx
5efa69c8-0b6e-4bcb-9588-e83d8c454bae,2024-04-23 19:17:52,Running,,2.29,20:55,9:09,6.56,169.0,15,,"","",2024-04-23-191752.gpx
68604bad-d275-4ff1-b3cf-985f67b77899,2024-04-22 19:19:08,Running,,7.96,1:08:56,8:40,6.92,579.0,40,,"","",2024-04-22-191908.gpx
b37085bc-75c7-4cf7-bec6-60805554c036,2024-04-21 19:02:50,Running,,7.92,1:07:29,8:31,7.04,581.0,40,,"","",2024-04-21-190250.gpx
00022f5b-3156-4144-8946-9ca412d9e847,2024-04-18 19:24:19,Running,,3.32,31:06,9:22,6.40,235.0,21,,"","",2024-04-18-192419.gpx
b679818f-6dad-42f9-9322-311ada05a85f,2024-04-13 18:38:39,Running,,8.20,1:07:52,8:17,7.25,592.0,41,,"","",2024-04-13-183839.gpx
b84c919d-58d3-4e77-a134-6fe155a923d8,2024-04-10 18:20:14,Running,,7.91,1:07:24,8:31,7.04,580.0,39,,"","",2024-04-10-182014.gpx
31b4cb75-d9a2-4fe8-af92-c9215d5d1884,2024-04-08 18:51:42,Running,,7.93,1:13:22,9:15,6.48,567.0,39,,"","",2024-04-08-185142.gpx
ab4b8276-6f50-403b-9b0a-372d2a2743aa,2024-04-06 18:47:00,Running,,7.97,1:09:46,8:46,6.85,592.0,43,,"","",2024-04-06-184700.gpx
00421535-8e73-44c9-ad15-774e6521340c,2024-04-04 18:55:56,Running,,8.21,1:10:50,8:38,6.95,610.0,42,,"","",2024-04-04-185556.gpx
6f5cd4d6-bf52-4f98-a662-baefba0c1aea,2024-03-29 17:43:04,Running,,0.01,1:08:31,4568:53,0.01,107.0,0,,"","",2024-03-29-174304.gpx
4c1cd084-b03b-4b69-b97b-cf132d2d6109,2024-03-27 17:23:26,Running,,7.95,1:10:41,8:54,6.74,585.0,43,,"","",2024-03-27-172326.gpx
35611eda-76ce-4029-8417-b06d127c7479,2024-03-25 17:23:18,Running,,8.11,1:12:16,8:55,6.73,598.0,41,,"","",2024-03-25-172318.gpx
41bc52f7-60a0-4005-8b11-e84d0c37859a,2024-03-23 17:13:52,Running,,3.43,32:17,9:25,6.37,256.0,21,,"","",2024-03-23-171352.gpx
796f7336-18aa-49a9-9c67-0acc0aac0cd2,2024-03-21 17:14:24,Running,,8.09,1:12:03,8:55,6.73,661.0,41,,"","",2024-03-21-171424.gpx
256efcc9-ef07-4bf2-8c9a-b9f3124f1517,2024-03-20 17:08:02,Running,,7.92,1:11:45,9:04,6.62,652.0,45,,"","",2024-03-20-170802.gpx
49b3e4d5-3996-4098-963d-dd819b8ce8b5,2024-03-19 17:04:45,Running,,8.16,1:13:29,9:00,6.66,663.0,40,,"","",2024-03-19-170445.gpx
40d01264-4eda-439b-91dc-85122b752bed,2024-03-18 17:07:40,Running,,8.02,1:11:54,8:58,6.69,656.0,40,,"","",2024-03-18-170740.gpx
539e96cd-f63b-46a6-ab77-ca0e7c9b5dd3,2024-03-17 17:04:14,Running,,8.14,1:21:19,10:00,6.00,620.0,42,,"","",2024-03-17-170414.gpx
fbce607f-88bc-4166-b388-20af73b1ff22,2024-03-15 17:05:59,Running,,8.17,1:12:50,8:55,6.73,657.0,41,,"","",2024-03-15-170559.gpx
86c0272c-a418-43f0-a7c2-2842372bdaf9,2024-03-14 16:45:00,Running,,8.10,1:12:58,9:01,6.66,655.0,41,,"","",2024-03-14-164500.gpx
5bb3c0e9-146e-43ee-8575-d814bf9f9b68,2024-03-13 17:01:21,Running,,7.95,1:12:04,9:04,6.61,646.0,44,,"","",2024-03-13-170121.gpx
bd7c8f59-b775-4e8d-9779-f3ff7647853c,2024-03-12 17:04:22,Running,,8.06,1:12:04,8:57,6.71,653.0,41,,"","",2024-03-12-170422.gpx
d8898a9c-1d31-44f8-b8bb-9586c9c8d72b,2024-03-11 16:59:33,Running,,7.93,1:13:02,9:13,6.51,640.0,41,,"","",2024-03-11-165933.gpx
800b0c46-00d7-4ddf-a4d0-1e3c2546387c,2024-03-10 16:57:37,Running,,7.91,1:11:28,9:02,6.64,642.0,42,,"","",2024-03-10-165737.gpx
95c48401-2bf6-4818-a7ca-91cebd6ab943,2024-03-08 16:55:18,Running,,7.91,1:14:28,9:25,6.37,638.0,39,,"","",2024-03-08-165518.gpx
27315565-8835-4eaf-947c-9cb5be1ae135,2024-03-07 16:52:34,Running,,7.97,1:14:20,9:20,6.43,637.0,41,,"","",2024-03-07-165234.gpx
78152a0c-98ef-478c-8985-3628e4335bad,2024-03-06 16:48:54,Running,,7.98,1:11:57,9:01,6.65,658.0,44,,"","",2024-03-06-164854.gpx
77e398f2-e10e-4852-8aa9-a10960896e60,2024-03-04 16:47:23,Running,,7.93,1:11:09,8:59,6.68,641.0,40,,"","",2024-03-04-164723.gpx
156268b8-6da0-4dba-b065-14980d5fda29,2024-03-03 16:59:09,Running,,8.19,1:11:31,8:44,6.87,666.0,46,,"","",2024-03-03-165909.gpx
ecd03910-5485-477c-a1e6-804e9e930ae3,2024-03-02 16:37:01,Running,,7.96,1:10:16,8:50,6.79,651.0,45,,"","",2024-03-02-163701.gpx
eee4d323-b8de-4a4a-96b2-d87c2efbef90,2024-03-01 15:52:41,Running,,8.00,1:14:55,9:22,6.41,646.0,39,,"","",2024-03-01-155241.gpx
ad5a01d1-d3d2-4155-aed6-daa3285d2998,2024-02-29 16:52:52,Running,,8.01,1:15:25,9:25,6.38,647.0,41,,"","",2024-02-29-165252.gpx
305968c3-2e8a-4a01-8c54-b18191887018,2024-02-27 16:39:18,Running,,7.94,1:09:57,8:49,6.81,653.0,41,,"","",2024-02-27-163918.gpx
e0143654-9338-4468-8df6-d2d148816bf2,2024-02-26 16:45:07,Running,,7.95,1:14:34,9:23,6.40,639.0,39,,"","",2024-02-26-164507.gpx
3ef8a5be-136c-4a80-99c8-ec422d633561,2024-02-25 16:43:20,Running,,7.93,1:07:45,8:33,7.02,664.0,39,,"","",2024-02-25-164320.gpx
15c37b8d-2a2d-49f4-a7f4-3aaf56274377,2024-02-23 16:42:15,Running,,7.94,1:10:43,8:55,6.73,655.0,41,,"","",2024-02-23-164215.gpx
57571a49-f6fe-4abf-9b44-7a74e86e4b6a,2024-02-22 16:01:35,Running,,7.84,1:12:22,9:14,6.50,644.0,41,,"","",2024-02-22-160135.gpx
43f3165c-1c4d-42f3-97de-504ab6f9789c,2024-02-20 16:33:27,Running,,7.93,1:13:27,9:16,6.47,641.0,42,,"","",2024-02-20-163327.gpx
89f53240-baa1-4fe5-a397-13cfcecaff01,2024-02-17 16:20:40,Running,,8.01,1:10:26,8:48,6.82,662.0,40,,"","",2024-02-17-162040.gpx
a883ed8b-05a3-4968-9b24-3d79a9abcd46,2024-02-15 16:16:27,Running,,8.00,1:12:29,9:04,6.62,647.0,42,,"","",2024-02-15-161627.gpx
4ea35947-0eb2-40fd-85a8-019fb424a0c7,2024-02-13 16:16:10,Running,,7.91,1:10:52,8:58,6.69,643.0,42,,"","",2024-02-13-161610.gpx
70a960da-3439-4a43-b035-0fb6b09c3875,2024-02-12 16:10:23,Running,,7.94,1:14:11,9:21,6.42,645.0,41,,"","",2024-02-12-161023.gpx
237b1b29-3ebf-4acb-bd0e-c702263c4755,2024-02-10 16:56:35,Running,,7.93,1:12:44,9:11,6.54,634.0,41,,"","",2024-02-10-165635.gpx
4f5a410e-bffa-4c67-9cd5-dee0280bd19a,2024-02-09 16:25:22,Running,,7.91,1:15:50,9:36,6.25,635.0,41,,"","",2024-02-09-162522.gpx
f6b61531-7e65-4431-a545-fa85ecf6b912,2024-02-07 16:31:06,Running,,7.94,1:12:05,9:05,6.60,650.0,41,,"","",2024-02-07-163106.gpx
16a9ec23-eb59-4954-9752-bed8d9e6aaf5,2024-02-04 15:48:10,Running,,7.97,1:14:30,9:21,6.42,639.0,40,,"","",2024-02-04-154810.gpx
42f9cc1b-e8cb-4a57-afb0-6f754a2da5c5,2024-02-02 16:47:02,Running,,8.00,1:13:27,9:11,6.53,653.0,44,,"","",2024-02-02-164702.gpx
eedebf3a-90af-4a74-9102-d80eaf5651e1,2024-01-31 16:15:20,Walking,,7.94,1:13:23,9:15,6.49,631.0,43,,"","",2024-01-31-161520.gpx
cd998da1-3aba-42f4-b753-24859b80cebb,2024-01-29 16:52:25,Walking,,8.13,1:13:48,9:05,6.60,641.0,41,,"","",2024-01-29-165225.gpx
883d8d6c-99af-4396-9f7c-7ecb37c5db24,2024-01-27 15:54:32,Walking,,7.96,1:11:27,8:59,6.68,638.0,41,,"","",2024-01-27-155432.gpx
e8067e45-8c1d-404d-9c20-c5835aee2bec,2024-01-20 16:04:23,Walking,,7.97,1:20:25,10:06,5.95,630.0,44,,"","",2024-01-20-160423.gpx
aec5b33b-318b-44e4-b428-ebf5acae76d9,2023-12-17 15:35:21,Walking,,7.90,1:10:38,8:57,6.71,643.0,44,,"","",2023-12-17-153521.gpx
b970a9c2-5e08-4d80-8f3f-d0efd38ad195,2023-12-16 15:36:51,Walking,,8.02,1:13:41,9:11,6.53,648.0,40,,"","",2023-12-16-153651.gpx
7c33f120-bbc0-4907-87ab-6265c3005fe4,2023-12-15 15:55:00,Walking,,7.94,1:11:48,9:03,6.63,643.0,38,,"","",2023-12-15-155500.gpx
11ec5d7c-69b2-4fc6-8d89-e5efa1d7367c,2023-12-13 15:39:51,Walking,,7.86,1:13:32,9:21,6.42,637.0,42,,"","",2023-12-13-153951.gpx
49f7b3dd-fa3d-4334-906a-8df4a72a7669,2023-12-09 15:43:30,Walking,,4.38,41:18,9:26,6.36,349.0,19,,"","",2023-12-09-154330.gpx
7bde6b1a-cb12-4be1-baee-081866cd10f7,2023-12-07 16:33:17,Walking,,7.32,1:05:19,8:55,6.72,602.0,41,,"","",2023-12-07-163317.gpx
393b02a2-1cab-4110-ad51-c8c851655c92,2023-12-03 15:33:08,Walking,,7.15,1:03:08,8:50,6.80,600.0,41,,"","",2023-12-03-153308.gpx
b8af6ece-1167-4ea0-8103-a61e7758657a,2023-11-30 16:08:46,Walking,,7.92,1:10:24,8:53,6.75,652.0,43,,"","",2023-11-30-160846.gpx
7c01c4fc-88f9-4f53-9a2e-55e342a84cf4,2023-11-28 16:06:12,Walking,,8.12,1:13:44,9:05,6.61,659.0,43,,"","",2023-11-28-160612.gpx
2e6c95de-32f7-447c-8bcd-df0687d8f87f,2023-11-26 16:04:53,Walking,,7.93,1:10:06,8:50,6.79,649.0,38,,"","",2023-11-26-160453.gpx
dd416353-fc20-426c-9e8f-cccdc542268f,2023-11-21 16:01:20,Walking,,7.90,1:11:11,9:01,6.66,644.0,42,,"","",2023-11-21-160120.gpx
67b2ef1c-3a25-4849-9681-8139ea0a38c9,2023-11-16 16:47:29,Walking,,8.01,1:09:32,8:41,6.91,657.0,40,,"","",2023-11-16-164729.gpx
e652b48b-05f2-441a-9695-5a1c0dadcf63,2023-11-14 17:10:03,Walking,,7.05,1:02:00,8:48,6.82,586.0,36,,"","",2023-11-14-171003.gpx
26e77edf-f495-4662-89da-d5e5a6897e69,2023-11-10 16:44:23,Walking,,8.13,1:11:32,8:48,6.82,661.0,43,,"","",2023-11-10-164423.gpx
a961d540-b4c8-482c-8d72-4498a7a9cc05,2023-11-09 16:39:04,Walking,,5.88,1:09:40,11:51,5.07,488.0,25,,"","",2023-11-09-163904.gpx
9b2a4620-39ee-486e-a545-ec20ff4b4791,2023-11-08 16:39:58,Walking,,7.99,1:12:09,9:02,6.65,657.0,42,,"","",2023-11-08-163958.gpx
af1f30d3-6790-47d1-94c3-240270bacf6b,2023-11-04 16:33:47,Walking,,7.92,1:09:44,8:49,6.81,642.0,43,,"","",2023-11-04-163347.gpx
c9ffb422-091d-44f7-a106-d679fa0a1494,2023-11-02 17:04:42,Walking,,7.94,1:09:57,8:48,6.81,640.0,39,,"","",2023-11-02-170442.gpx
39bdc260-73af-4eda-832a-fceab2241ad7,2023-10-31 17:14:49,Walking,,7.99,1:11:32,8:57,6.70,649.0,40,,"","",2023-10-31-171449.gpx
771b0bbe-11ec-4d71-bf53-e3c55f580700,2023-10-29 17:02:41,Walking,,7.95,1:11:33,9:00,6.66,638.0,40,,"","",2023-10-29-170241.gpx
b4003e1b-2941-4697-b788-ddd32b558aa9,2023-10-23 17:29:42,Walking,,7.89,1:10:23,8:56,6.72,637.0,39,,"","",2023-10-23-172942.gpx
6d08fe01-ea66-46a7-8d55-f861c985b8f9,2023-10-19 17:19:39,Walking,,8.44,1:23:42,9:55,6.05,678.0,44,,"","",2023-10-19-171939.gpx
afcc632b-59a1-450a-9ff5-ac4162b851a8,2023-10-17 17:20:31,Walking,,8.40,1:22:22,9:48,6.12,666.0,43,,"","",2023-10-17-172031.gpx
fc1514dc-2fe9-4016-b7d1-15185f06e56a,2023-10-16 17:26:03,Walking,,7.89,1:12:18,9:10,6.54,629.0,39,,"","",2023-10-16-172603.gpx
02286765-7ffa-498f-b10e-6252b032ff97,2023-10-14 17:34:51,Walking,,8.56,1:19:00,9:14,6.50,688.0,45,,"","",2023-10-14-173451.gpx
dae1f7d4-bd3d-4229-b7c8-53b8c7a2fe2b,2023-10-11 17:39:00,Walking,,7.91,1:10:40,8:56,6.71,629.0,41,,"","",2023-10-11-173900.gpx
058eefdc-211e-4773-ab0b-5aa8ee262b6d,2023-10-10 17:38:27,Walking,,8.32,1:21:13,9:46,6.14,664.0,45,,"","",2023-10-10-173827.gpx
2e9c0035-1dae-4acb-8ead-f9a988109832,2023-10-08 17:28:38,Walking,,7.93,1:13:15,9:14,6.50,616.0,41,,"","",2023-10-08-172838.gpx
4c5bd3e2-3e80-4fb2-9123-341c0dcb927e,2023-10-07 17:32:59,Walking,,8.00,1:10:49,8:51,6.78,651.0,41,,"","",2023-10-07-173259.gpx
930f2ddb-1003-4647-b5ac-766d652e6eb0,2023-10-06 17:47:07,Walking,,7.54,1:12:27,9:37,6.24,606.0,45,,"","",2023-10-06-174707.gpx
8ae774a7-b17d-46fe-b1a4-c1186570c8bb,2023-10-05 18:04:56,Walking,,6.98,1:03:00,9:01,6.65,565.0,40,,"","",2023-10-05-180456.gpx
6900b719-553c-47b9-b3f5-f952d59fde9a,2023-10-04 17:48:27,Walking,,5.63,54:31,9:41,6.19,462.0,36,,"","",2023-10-04-174827.gpx
e4bb389d-dc7a-4c20-9fb6-3b05ba7e7e80,2023-10-02 17:53:47,Walking,,7.13,1:06:44,9:21,6.41,561.0,40,,"","",2023-10-02-175347.gpx
0f3fee10-30d1-4bec-98c4-3ed1a23a7e14,2023-10-01 18:10:29,Walking,,5.70,1:00:12,10:34,5.68,468.0,36,,"","",2023-10-01-181029.gpx
8dba553d-6281-4207-ad31-80aac22161ee,2023-09-30 18:11:08,Walking,,7.15,1:05:39,9:11,6.53,565.0,41,,"","",2023-09-30-181108.gpx
cf2b355e-1cbd-43df-9393-5e4a7866f6fb,2023-09-29 18:36:24,Walking,,5.47,57:18,10:28,5.73,424.0,34,,"","",2023-09-29-183624.gpx
95d3be50-2b1e-4e49-a472-88a25275704b,2023-09-27 18:00:50,Walking,,7.12,1:02:24,8:46,6.84,566.0,40,,"","",2023-09-27-180050.gpx
9151322c-dbe6-4edc-aa19-b6c50555ba62,2023-09-25 18:14:13,Walking,,2.57,30:34,11:55,5.03,199.0,18,,"","",2023-09-25-181413.gpx
45f81b42-7081-4f56-9fc5-bb067871d9a2,2023-09-24 18:10:57,Walking,,7.01,1:05:29,9:20,6.43,544.0,37,,"","",2023-09-24-181057.gpx
6d7a54d7-6870-4edc-b756-1d59f8858ccf,2023-09-23 18:20:00,Walking,,5.71,1:01:25,10:45,5.58,469.0,35,,"","",2023-09-23-182000.gpx
18f0d4f0-eeee-4af6-b11b-d76d71142f93,2023-09-22 18:32:44,Walking,,7.19,1:05:51,9:10,6.55,570.0,41,,"","",2023-09-22-183244.gpx
5bf6e379-1bb7-4ef2-ab5f-9e5c82c617d4,2023-09-21 18:14:24,Walking,,7.71,1:14:57,9:43,6.17,624.0,42,,"","",2023-09-21-181424.gpx
6266a5d7-ccae-4b9f-9873-d4d49e844946,2023-09-19 18:42:25,Walking,,5.42,51:59,9:36,6.25,425.0,33,,"","",2023-09-19-184225.gpx
723f9b16-f99f-4448-96e0-14e20e50c424,2023-09-17 18:06:32,Walking,,7.04,1:07:48,9:38,6.22,546.0,39,,"","",2023-09-17-180632.gpx
a3379640-5725-4d38-beb7-ff4512a6e501,2023-09-16 18:21:35,Walking,,5.80,57:48,9:58,6.02,442.0,33,,"","",2023-09-16-182135.gpx
656417d0-4396-4cf8-8d1d-75f1894cf5bc,2023-09-12 18:50:44,Walking,,5.51,53:04,9:39,6.22,437.0,43,,"","",2023-09-12-185044.gpx
0b0fbe16-c596-4c26-b2be-fced91184d2c,2023-09-10 19:02:40,Walking,,1.19,11:51,9:58,6.02,95.0,6,,"","",2023-09-10-190240.gpx
3cee27d3-e9f3-45fe-abff-49d029a82483,2023-09-10 17:47:02,Walking,,6.17,58:37,9:30,6.32,478.0,36,,"","",2023-09-10-174702.gpx
f9a2d82a-d614-40ec-9d9e-fccf9dc90530,2023-09-09 18:26:04,Walking,,7.31,1:09:37,9:32,6.30,551.0,40,,"","",2023-09-09-182604.gpx
a000af87-a34b-412d-944f-ccd8476f6c86,2023-09-03 17:29:45,Walking,,7.96,1:16:16,9:35,6.26,604.0,42,,"","",2023-09-03-172945.gpx
d555c6e8-7c8e-440c-93e6-83cb92d49a95,2023-09-02 17:41:20,Walking,,3.67,28:06,7:39,7.84,284.0,18,,"","",2023-09-02-174120.gpx
786d6b13-c2a0-4965-b06f-383acca63cf4,2023-08-28 19:14:49,Walking,,7.81,1:19:51,10:14,5.87,592.0,45,,"","",2023-08-28-191449.gpx
f9009d90-2fb2-40fa-bac7-74bdcea623ed,2023-08-22 19:27:02,Walking,,7.48,1:15:56,10:09,5.91,576.0,45,,"","",2023-08-22-192702.gpx
56a058bb-2e7d-4510-b6da-77731097793a,2023-08-21 19:26:40,Walking,,9.47,1:42:14,10:48,5.56,697.0,63,,"","",2023-08-21-192640.gpx
d9a3131c-4fe4-497f-8ff9-869eca10e90b,2023-08-11 19:44:00,Walking,,7.05,1:02:22,8:51,6.79,566.0,44,,"","",2023-08-11-194400.gpx
6b40ad51-8c7a-45f1-a1cc-921be0be0434,2023-08-10 19:11:43,Walking,,7.04,1:08:03,9:40,6.21,559.0,46,,"","",2023-08-10-191143.gpx
80bdf45a-0d40-48d4-adae-e06c8ec11ca9,2023-08-08 19:42:14,Walking,,6.92,1:04:23,9:18,6.45,552.0,44,,"","",2023-08-08-194214.gpx
aed3aa4b-6279-4e9e-bd62-8acb8acaef8f,2023-08-07 19:45:14,Walking,,6.83,1:03:23,9:17,6.46,540.0,44,,"","",2023-08-07-194514.gpx
ff66d745-1e63-4bd0-a5e6-00f982433bbd,2023-08-05 18:43:36,Walking,,6.92,1:05:54,9:31,6.30,543.0,45,,"","",2023-08-05-184336.gpx
c62b7304-558a-4448-ad0a-99e771e972f4,2023-08-04 19:18:19,Walking,,7.61,1:13:56,9:43,6.17,589.0,48,,"","",2023-08-04-191819.gpx
fb889dc7-d6a0-4e8b-8091-209d18b3dea4,2023-08-03 19:40:08,Walking,,6.99,1:09:23,9:56,6.04,534.0,45,,"","",2023-08-03-194008.gpx
49a5f397-76a4-4759-9b54-92765b8efc84,2023-08-02 19:43:23,Walking,,6.89,1:05:36,9:32,6.30,545.0,44,,"","",2023-08-02-194323.gpx
efdfb7e8-6139-4b72-9cd4-877c2208070d,2023-07-31 18:41:50,Walking,,6.99,1:07:56,9:44,6.17,549.0,44,,"","",2023-07-31-184150.gpx
eb4d21bf-c317-4e07-9549-d12002c24cc6,2023-07-30 18:43:40,Walking,,6.96,1:08:22,9:50,6.11,542.0,44,,"","",2023-07-30-184340.gpx
90c8b857-4c1e-486f-b03b-f1cbdb7ffae8,2023-07-23 18:29:28,Walking,,6.97,1:03:11,9:04,6.61,562.0,43,,"","",2023-07-23-182928.gpx
de8ee3a7-6c78-4548-a6d4-a93daa42ad51,2023-07-21 20:17:41,Walking,,6.74,1:04:18,9:32,6.29,536.0,44,,"","",2023-07-21-201741.gpx
0c75ae12-d210-43c9-9962-61ccff008db8,2023-07-19 20:17:32,Walking,,6.93,1:01:36,8:53,6.75,557.0,44,,"","",2023-07-19-201732.gpx
9fc6901d-9993-4209-9623-8dc4364eb25d,2023-07-17 20:04:54,Walking,,6.91,1:03:28,9:11,6.53,561.0,44,,"","",2023-07-17-200454.gpx
68206292-6417-4aaf-9e03-be9e7b4250a9,2023-07-14 20:32:54,Walking,,6.84,1:02:27,9:08,6.57,551.0,44,,"","",2023-07-14-203254.gpx
194832e8-bdd8-4af8-835a-4537bf749602,2023-07-12 20:16:04,Walking,,6.90,1:05:47,9:32,6.29,544.0,44,,"","",2023-07-12-201604.gpx
55bb0f37-3d47-470d-a2d2-dff49b62bebc,2023-07-08 20:30:29,Walking,,6.94,1:05:40,9:28,6.34,541.0,44,,"","",2023-07-08-203029.gpx
40e4e342-5117-4909-9327-ce4378745c06,2023-07-07 20:48:05,Walking,,6.83,1:02:14,9:07,6.58,544.0,45,,"","",2023-07-07-204805.gpx
7d942c0e-ef20-47ef-9f38-9383bd341418,2023-07-06 20:43:36,Walking,,6.90,1:03:06,9:09,6.56,545.0,45,,"","",2023-07-06-204336.gpx
7e2f9759-e11e-4e49-80fa-12251f20f577,2023-07-05 20:38:53,Walking,,6.96,1:03:03,9:04,6.62,556.0,43,,"","",2023-07-05-203853.gpx
6387122f-8b86-424c-bcf4-a77e0b58db7c,2023-07-04 20:42:11,Walking,,6.76,1:04:01,9:29,6.33,532.0,44,,"","",2023-07-04-204211.gpx
127e9d10-ad54-4690-99e0-da699b9244c2,2023-07-03 20:34:36,Walking,,6.94,1:01:09,8:49,6.81,554.0,44,,"","",2023-07-03-203436.gpx
a7359100-1971-469a-b7ff-8ea13890a4ba,2023-07-02 19:31:46,Walking,,7.14,1:04:37,9:03,6.63,557.0,46,,"","",2023-07-02-193146.gpx
3d2d0b82-ee52-475a-8ccc-ce36969a07e8,2023-07-01 19:56:26,Walking,,7.59,1:05:21,8:37,6.97,570.0,47,,"","",2023-07-01-195626.gpx
11e02438-5241-4b1f-b9cc-804730b0ef4b,2023-06-28 21:09:21,Walking,,6.99,1:14:44,10:41,5.61,525.0,46,,"","",2023-06-28-210921.gpx
455785b8-0e6c-4fa3-a22e-a9b161e20e27,2023-06-22 20:02:07,Walking,,6.81,1:02:54,9:14,6.50,546.0,45,,"","",2023-06-22-200207.gpx
63211a98-42c5-4929-a8e9-835bd03f636b,2023-06-20 20:46:45,Walking,,6.97,1:06:45,9:35,6.26,541.0,46,,"","",2023-06-20-204645.gpx
08942fdb-a2e9-4222-984f-68d052615c26,2023-06-17 20:43:25,Walking,,7.01,1:06:50,9:32,6.29,549.0,45,,"","",2023-06-17-204325.gpx
96d9f5cc-3c38-44a6-8c35-ecc9a7ee598a,2023-06-14 20:50:42,Walking,,7.31,1:09:57,9:35,6.27,587.0,49,,"","",2023-06-14-205042.gpx
bca07f49-392f-4f3a-b440-53692b474992,2023-06-13 21:10:54,Walking,,7.09,1:05:23,9:13,6.51,562.0,45,,"","",2023-06-13-211054.gpx
bc7fbf37-8c51-44db-91d4-65e8a778086a,2023-06-11 20:27:26,Walking,,7.40,1:13:46,9:58,6.02,580.0,48,,"","",2023-06-11-202726.gpx
246b0bf9-a7db-4b58-82f6-97868c95291f,2023-06-09 20:25:48,Walking,,7.00,1:05:16,9:20,6.43,549.0,21,,"","",2023-06-09-202548.gpx
7ff23ce1-5452-4f69-bcfa-a233893f517c,2023-06-07 17:16:22,Walking,,6.91,1:05:44,9:31,6.31,549.0,45,,"","",2023-06-07-171622.gpx
6dbe66cb-fa28-48c0-b444-0c0f362116e3,2023-06-01 20:02:50,Walking,,6.99,1:06:34,9:32,6.30,544.0,45,,"","",2023-06-01-200250.gpx
ee1b83a8-8a43-434e-8911-bd9e6173991d,2023-05-28 19:55:01,Walking,,7.03,1:08:56,9:48,6.12,543.0,45,,"","",2023-05-28-195501.gpx
70f5c6dd-7983-4fad-a184-ccaceb25a835,2023-05-27 20:52:16,Walking,,6.87,1:04:26,9:23,6.40,534.0,45,,"","",2023-05-27-205216.gpx
147858b8-97e5-4102-934c-cc7c73192403,2023-05-25 21:08:14,Walking,,7.11,1:09:39,9:48,6.12,541.0,44,,"","",2023-05-25-210814.gpx
a4da8a94-be54-4fc0-9d6f-f5c5bf89c46e,2023-05-21 20:57:50,Walking,,3.98,46:05,11:35,5.18,284.0,25,,"","",2023-05-21-205750.gpx
5d9833e8-6b15-4da1-b5eb-a66f7bd80c21,2023-05-14 20:07:24,Walking,,7.22,1:14:22,10:18,5.82,555.0,48,,"","",2023-05-14-200724.gpx
a0e41802-0fc3-41e4-bd53-c35aa831f8ff,2023-05-12 20:18:13,Walking,,6.99,1:08:38,9:49,6.11,530.0,44,,"","",2023-05-12-201813.gpx
86377b24-541a-4bae-a9c8-909a593ef863,2023-05-06 20:05:07,Walking,,6.98,1:04:44,9:16,6.47,550.0,47,,"","",2023-05-06-200507.gpx
1b4f443c-6e4e-45e8-bce0-78d835d54cbf,2023-05-02 19:44:28,Walking,,6.93,1:08:45,9:55,6.05,532.0,44,,"","",2023-05-02-194428.gpx
763b2372-3d6a-4d07-9eb2-09606df47218,2023-04-30 20:10:24,Walking,,7.18,1:09:22,9:40,6.21,569.0,46,,"","",2023-04-30-201024.gpx
e63ebbc0-dba9-4940-9bfe-032b0d0a460b,2023-04-25 20:15:32,Walking,,7.26,1:10:51,9:45,6.15,559.0,47,,"","",2023-04-25-201532.gpx
c0168c3a-6860-4ee7-8b7a-3a2e7b79b6c4,2023-04-18 19:49:25,Walking,,6.92,1:04:29,9:19,6.44,547.0,43,,"","",2023-04-18-194925.gpx
f9b67e0b-cf90-4b23-9633-20f0ee812343,2023-04-15 19:49:57,Walking,,6.93,1:08:33,9:54,6.06,542.0,44,,"","",2023-04-15-194957.gpx
0310d871-f114-455a-872f-7812b47890bc,2023-04-12 19:40:04,Walking,,1.47,15:11,10:19,5.81,123.0,8,,"","",2023-04-12-194004.gpx
1ac51b45-b734-4ec2-aeec-dfb5f1a8bc93,2023-04-07 19:25:21,Walking,,7.02,1:14:09,10:34,5.68,554.0,45,,"","",2023-04-07-192521.gpx
5633375b-abd7-4b49-aead-dce6014ed18c,2023-04-04 19:33:05,Walking,,6.91,1:07:57,9:50,6.10,545.0,45,,"","",2023-04-04-193305.gpx
414634fd-6aeb-476d-837e-49b3030f5513,2023-04-02 19:58:01,Walking,,6.99,1:09:52,10:00,6.00,550.0,46,,"","",2023-04-02-195801.gpx
9e76a891-4c89-49d2-995e-14462e163c2f,2023-03-29 19:42:05,Walking,,4.25,46:48,11:01,5.45,319.0,30,,"","",2023-03-29-194205.gpx
7aa6dd4d-f379-4c88-9baa-cefcc1e6dcb9,2023-03-28 20:11:21,Walking,,3.61,39:29,10:56,5.49,271.0,26,,"","",2023-03-28-201121.gpx
5d6f96df-4e68-4feb-b9fa-3ee49e37696d,2023-03-24 18:57:32,Walking,,7.00,1:10:06,10:01,5.99,537.0,48,,"","",2023-03-24-185732.gpx
df2d8049-c8ed-4e8d-9508-9d4013c4d5ae,2023-03-19 18:30:18,Walking,,7.03,1:10:08,9:59,6.01,530.0,47,,"","",2023-03-19-183018.gpx
ea553a76-9175-49da-b6da-d8b089e6f680,2023-03-15 18:47:21,Walking,,6.91,1:07:12,9:44,6.17,529.0,44,,"","",2023-03-15-184721.gpx
3e3bb929-e3ad-4875-b35f-9beb9aad77b1,2023-03-12 18:46:07,Walking,,7.18,1:11:48,10:00,6.00,551.0,45,,"","",2023-03-12-184607.gpx
265b85ac-1489-4826-944a-9843ef3be7dd,2023-03-05 18:10:07,Walking,,7.86,1:14:02,9:25,6.37,570.0,49,,"","",2023-03-05-181007.gpx
13621ac9-85bd-4d11-a078-08476baa99cc,2023-03-03 18:15:13,Walking,,7.60,1:12:09,9:30,6.32,572.0,49,,"","",2023-03-03-181513.gpx
e544ec2d-3d84-4929-9c3b-705ab81ed197,2023-02-24 19:29:32,Walking,,6.75,1:06:33,9:52,6.09,520.0,44,,"","",2023-02-24-192932.gpx
4e750953-0f7a-49a3-b4c7-b5e94a64b013,2023-02-18 17:47:33,Walking,,6.94,1:07:48,9:46,6.14,522.0,46,,"","",2023-02-18-174733.gpx
7e4d2235-d316-4a97-9a70-e024bf50ebb8,2023-02-11 17:36:08,Walking,,6.88,1:08:00,9:53,6.07,530.0,44,,"","",2023-02-11-173608.gpx
4e6e28e9-2d6c-456f-af93-84fe1aefbf85,2023-02-04 17:36:54,Walking,,6.72,1:05:35,9:45,6.15,524.0,44,,"","",2023-02-04-173654.gpx
07b619aa-4e6e-488e-a16d-1a559b632da9,2023-01-03 17:15:39,Walking,,6.84,1:06:34,9:44,6.17,537.0,44,,"","",2023-01-03-171539.gpx
4e6a3c8b-ab1b-4d29-9716-5dcf4d3d9d12,2023-01-01 17:11:43,Walking,,6.77,1:05:16,9:39,6.22,521.0,44,,"","",2023-01-01-171143.gpx
59af6172-01b3-4191-91a6-7e46e0b3994c,2022-12-29 16:51:22,Walking,,6.99,1:09:40,9:58,6.02,521.0,44,,"","",2022-12-29-165122.gpx
4e682e46-f6cb-4530-a250-67ee337677b5,2022-12-28 17:03:08,Walking,,6.89,1:09:27,10:05,5.95,536.0,44,,"","",2022-12-28-170308.gpx
ef25b4ee-7948-4cb6-91d8-e7896e5ba3f7,2022-12-12 16:22:24,Walking,,7.08,1:10:21,9:57,6.03,560.0,46,,"","",2022-12-12-162224.gpx
715e13f9-04e0-4e72-9ccb-b38b3367b109,2022-12-08 16:43:45,Walking,,6.35,1:06:09,10:25,5.76,489.0,41,,"","",2022-12-08-164345.gpx
344f8e47-0701-47fe-9b2b-74d25b23abad,2022-12-06 17:13:36,Walking,,4.39,43:42,9:57,6.03,363.0,32,,"","",2022-12-06-171336.gpx
1f3bdef7-5780-4d74-997d-77acb4183fc6,2022-12-01 18:31:08,Walking,,3.84,36:15,9:27,6.35,0.0,0,,"","",
6b2bbf11-a18a-42b1-8462-3d5fd0277ba6,2022-11-23 17:48:56,Walking,,6.10,59:05,9:41,6.19,487.0,46,,"","",2022-11-23-174856.gpx
9836578e-9c0c-41e9-8c0b-d74d3224ff9a,2022-11-17 19:27:21,Walking,,5.49,56:24,10:17,5.84,442.0,42,,"","",2022-11-17-192721.gpx
9a53b64d-60a2-4c2e-8477-8c76ed9fd2bf,2022-11-13 18:03:53,Walking,,2.82,33:26,11:51,5.06,240.0,23,,"","",2022-11-13-180353.gpx
8929a957-820c-4b96-8d35-dfe74d660add,2022-11-08 19:07:44,Walking,,5.93,1:05:02,10:58,5.47,468.0,46,,"","",2022-11-08-190744.gpx
d684fcb0-624c-44e9-8d30-9d441cf94bf4,2022-10-30 19:34:07,Walking,,3.59,36:26,10:10,5.91,284.0,27,,"","",2022-10-30-193407.gpx
540f2b89-9c0d-4ce6-bc3f-2afd0b6e98d3,2022-07-25 02:31:33,Walking,,7.49,1:18:09,10:26,5.75,656.0,235,,"","",2022-07-25-023133.gpx
6925ec11-78a8-4112-9c62-538e689036d2,2022-07-11 20:34:55,Walking,,7.82,1:20:14,10:16,5.85,700.0,259,,"","",2022-07-11-203455.gpx
0df3e890-1c2b-4962-ba18-c91ffc8cd8fc,2022-06-26 20:21:09,Walking,,7.43,1:22:38,11:07,5.39,634.0,215,,"","",2022-06-26-202109.gpx
92829804-89f8-4d63-bea0-2509b7d96536,2022-06-18 20:16:09,Walking,,7.50,1:18:43,10:29,5.72,644.0,206,,"","",2022-06-18-201609.gpx
12982597-4186-466a-ad27-f1772bef1a56,2022-06-15 20:30:34,Walking,,7.51,1:16:51,10:14,5.87,646.0,208,,"","",2022-06-15-203034.gpx
4e768cd0-7afe-4cd7-a851-959797c46b74,2022-06-11 20:42:19,Walking,,7.46,1:15:24,10:07,5.93,647.0,208,,"","",2022-06-11-204219.gpx
8789c655-d089-4884-84cc-0d07dd5e0ff8,2022-06-05 20:37:38,Walking,,7.58,1:16:30,10:06,5.94,658.0,206,,"","",2022-06-05-203738.gpx
7994aa6c-3669-4d10-a3da-f7de26b19631,2022-06-01 20:37:49,Walking,,7.39,1:15:54,10:16,5.84,642.0,214,,"","",2022-06-01-203749.gpx
b2e32fc1-6cdc-4023-b6de-6026bd41034e,2022-05-22 20:24:24,Walking,,7.50,1:17:22,10:19,5.82,656.0,212,,"","",2022-05-22-202424.gpx
b26a85e6-58ce-4a99-9242-8b28b45fa1b0,2022-05-17 21:17:43,Walking,,7.41,1:15:30,10:12,5.88,638.0,208,,"","",2022-05-17-211743.gpx
c2637d0d-d634-46e9-b963-7b3010d4d31b,2022-05-16 20:45:10,Walking,,2.67,31:30,11:48,5.09,223.0,81,,"","",2022-05-16-204510.gpx
b2239df7-0090-4e4a-ab0f-c36236f5b066,2022-05-08 20:18:28,Walking,,7.45,1:16:09,10:13,5.87,642.0,210,,"","",2022-05-08-201828.gpx
cb3cfd3f-6556-41f6-a055-ae269876d897,2022-05-04 20:03:56,Walking,,7.08,1:12:53,10:18,5.83,597.0,190,,"","",2022-05-04-200356.gpx
58fa85f3-ee86-44a1-a436-7f051dea2fd3,2022-04-26 20:23:42,Walking,,7.45,1:14:25,10:00,6.00,654.0,218,,"","",2022-04-26-202342.gpx
7e5309f1-cdfd-4264-b9c9-3d709748eca1,2022-04-06 20:55:02,Walking,,7.39,1:18:04,10:34,5.68,644.0,219,,"","",2022-04-06-205502.gpx
7e2669b9-5496-4219-a7fc-edcc24fa36d3,2022-04-02 22:07:47,Walking,,0.98,32:18,32:50,1.83,129.0,0,,"","",2022-04-02-220747.gpx
c14d4992-0ba5-4fd0-9c00-1106790b3b85,2022-03-30 21:34:54,Walking,,7.53,1:17:07,10:15,5.86,656.0,232,,"","",2022-03-30-213454.gpx
e9515e27-7bd2-414e-b140-1ceb96b0c72b,2022-03-22 21:16:43,Walking,,7.58,1:14:52,9:53,6.07,668.0,216,,"","",2022-03-22-211643.gpx
8f7d6750-dfff-4653-85d7-3c1a5b6f67eb,2022-03-19 21:08:37,Walking,,7.67,1:15:51,9:53,6.07,655.0,215,,"","",2022-03-19-210837.gpx
cee2f3fb-244a-4255-8979-d1d265f1da37,2022-03-14 21:03:21,Walking,,3.08,31:55,10:22,5.79,264.0,76,,"","",2022-03-14-210321.gpx
0f1ee44e-b947-48bc-a606-ea6ec881b30b,2022-03-01 21:42:50,Walking,,7.62,1:17:36,10:11,5.89,658.0,218,,"","",2022-03-01-214250.gpx
2f44e697-c425-4b83-87d8-b6eafa91ff01,2022-02-22 21:09:59,Walking,,7.40,1:16:55,10:24,5.77,626.0,203,,"","",2022-02-22-210959.gpx
b40ca04c-ecb9-49b9-9eaf-4d6eec156238,2022-02-16 22:11:54,Walking,,4.53,51:25,11:22,5.28,389.0,122,,"","",2022-02-16-221154.gpx
f8f553ed-aa04-4264-951e-3301e8cab8ee,2022-02-14 22:20:47,Walking,,7.49,1:17:37,10:22,5.79,653.0,210,,"","",2022-02-14-222047.gpx
4cd89420-c5b4-49c2-afc1-64323b73765e,2022-02-05 12:36:10,Walking,,0.97,11:55,12:19,4.87,84.0,35,,"","",2022-02-05-123610.gpx
e5731e87-8cc5-48a6-93ba-1b3f56e98b0c,2022-02-02 09:57:39,Walking,,1.73,1:14:40,43:09,1.39,213.0,20,,"","",2022-02-02-095739.gpx
e3fea944-8745-4e1f-b052-a786083f1d49,2022-02-01 21:24:14,Walking,,6.84,1:09:07,10:06,5.94,596.0,211,,"","",2022-02-01-212414.gpx
86d96472-d1ee-4be4-a65b-d193c141f186,2022-01-29 22:17:50,Walking,,7.68,1:21:36,10:38,5.64,648.0,189,,"","",2022-01-29-221750.gpx
00d6860d-541c-4329-9e63-c99297060756,2022-01-24 22:06:42,Walking,,7.50,1:21:20,10:51,5.53,637.0,233,,"","",2022-01-24-220642.gpx
a6b2ba9a-8548-4812-8091-df850d051e18,2022-01-04 21:01:52,Walking,,8.00,1:23:12,10:24,5.77,693.0,244,,"","",2022-01-04-210152.gpx
b5e316ad-96c3-478b-ab5c-115e85711f55,2021-12-30 21:47:48,Walking,,7.51,1:19:25,10:34,5.68,649.0,219,,"","",2021-12-30-214748.gpx
86e45ba9-1339-4aa8-8efa-8e7462f39be5,2021-12-28 21:48:12,Walking,,8.14,1:26:01,10:34,5.68,695.0,242,,"","",2021-12-28-214812.gpx
797027e3-4f02-44b2-ad0a-9ae7a0d0b542,2021-12-21 20:39:42,Walking,,7.50,1:22:34,11:01,5.45,643.0,237,,"","",2021-12-21-203942.gpx
050aeef5-7ded-4452-bd90-9ec45632be60,2021-12-12 22:47:01,Walking,,8.00,1:20:32,10:04,5.96,659.0,213,,"","",2021-12-12-224701.gpx
93d9b148-866d-4947-b9d6-6b51e6c8e60f,2021-12-09 21:58:52,Walking,,6.30,1:17:32,12:19,4.87,537.0,197,,"","",2021-12-09-215852.gpx
3bc96246-59da-4115-925c-463fda6dddef,2021-12-01 22:55:54,Walking,,4.49,44:51,9:59,6.01,396.0,129,,"","",2021-12-01-225554.gpx
6178f83a-2624-48fa-b27e-d759797da1ee,2021-11-25 22:40:28,Walking,,4.87,48:12,9:54,6.06,413.0,140,,"","",2021-11-25-224028.gpx
5bd5a607-2f54-4e4c-9249-b0c44061b654,2021-11-17 22:28:57,Walking,,4.75,46:02,9:41,6.20,405.0,130,,"","",2021-11-17-222857.gpx
5a31b044-e2c0-4f3e-900c-2a0312a806be,2021-10-08 21:44:31,Walking,,4.63,43:40,9:26,6.36,416.0,133,,"","",2021-10-08-214431.gpx
8c99f6cc-dc00-4de9-8815-e66dfb71ccc4,2021-09-29 22:56:52,Walking,,4.92,46:55,9:32,6.29,427.0,127,,"","",2021-09-29-225652.gpx
e103bb53-280e-4a30-a107-c0cf2664341c,2021-09-25 22:46:12,Walking,,4.88,47:31,9:45,6.16,436.0,164,,"","",2021-09-25-224612.gpx
f6fe2aba-5806-4dd9-8850-800800fa0b36,2021-09-21 22:28:36,Walking,,4.89,47:30,9:43,6.18,419.0,130,,"","",2021-09-21-222836.gpx
4ab49741-1e80-4416-967d-e4e9e0dd2548,2021-09-18 21:31:12,Walking,,5.30,53:23,10:05,5.95,465.0,152,,"","",2021-09-18-213112.gpx
a00e18a8-b7ef-4f6a-8323-fd2c950b495c,2021-09-14 22:33:54,Walking,,5.16,48:28,9:23,6.39,434.0,154,,"","",2021-09-14-223354.gpx
da602cc0-2912-42c6-be90-c66acf3699f1,2021-09-12 22:44:04,Walking,,4.78,47:34,9:57,6.03,410.0,140,,"","",2021-09-12-224404.gpx
82517401-c427-4dbd-9801-69a90eeeb4a7,2021-09-10 23:30:33,Walking,,8.48,1:28:00,10:23,5.78,714.0,194,,"","",2021-09-10-233033.gpx
d9d81646-29c8-4c26-aa65-2a6a7b756311,2021-09-08 22:55:36,Walking,,4.39,47:03,10:43,5.60,392.0,148,,"","",2021-09-08-225536.gpx
0e17988c-1c67-42c3-a8a9-bd8b160c2e75,2021-09-07 23:15:21,Walking,,4.75,46:45,9:50,6.10,425.0,136,,"","",2021-09-07-231521.gpx
b7e6bca4-adcf-4894-9719-06aebaa7375f,2021-09-05 23:36:51,Walking,,4.90,44:14,9:02,6.64,404.0,130,,"","",2021-09-05-233651.gpx
210b40c7-c1af-4148-8c15-5ac3f3d3150a,2021-09-02 22:45:38,Walking,,4.32,42:10,9:46,6.14,386.0,148,,"","",2021-09-02-224538.gpx
7e0c70c6-3cde-4e92-8a6e-ab31a7095621,2021-08-30 23:05:45,Walking,,4.84,46:49,9:41,6.20,419.0,130,,"","",2021-08-30-230545.gpx
ecb87710-94cd-4272-a41e-9a7747b3efca,2021-08-28 23:02:18,Walking,,5.34,50:01,9:22,6.40,447.0,150,,"","",2021-08-28-230218.gpx
9d18936c-dc19-440f-ad8b-daa859f4cb9b,2021-08-23 21:26:14,Walking,,8.91,1:29:15,10:01,5.99,758.0,229,,"","",2021-08-23-212614.gpx
6c586c9e-26f3-4f99-9b0d-0ae9daac5d6c,2021-08-17 23:04:23,Walking,,3.45,37:12,10:47,5.57,286.0,91,,"","",2021-08-17-230423.gpx
e01a6f61-5e29-4f41-a921-c98e7630d25d,2021-07-20 22:15:46,Walking,,8.83,1:24:31,9:34,6.27,759.0,232,,"","",2021-07-20-221546.gpx
d425e1b4-fc44-4bc5-83b3-566f561fa7fc,2021-07-16 22:13:29,Walking,,8.65,1:31:28,10:34,5.68,728.0,231,,"","",2021-07-16-221329.gpx
54e7f49a-4e7a-4bc8-bb77-af621bc1f5a3,2021-07-02 23:20:58,Walking,,9.13,1:39:49,10:56,5.49,779.0,220,,"","",2021-07-02-232058.gpx
40d4e855-19b3-4988-856b-1e82049a7f91,2021-06-27 22:45:59,Walking,,8.88,1:26:49,9:47,6.13,757.0,219,,"","",2021-06-27-224559.gpx
ce056742-36a9-4e07-81e7-9d369d18a074,2021-06-24 23:11:35,Walking,,5.85,57:29,9:49,6.11,485.0,128,,"","",2021-06-24-231135.gpx
814cd5ce-1e07-4992-9710-be637cb3f19f,2021-06-21 23:15:53,Walking,,4.56,48:29,10:38,5.65,406.0,145,,"","",2021-06-21-231553.gpx
2955b1d2-5c2c-42fe-b90e-0226aeb41d22,2021-06-13 22:15:39,Walking,,8.67,1:27:36,10:06,5.94,752.0,219,,"","",2021-06-13-221539.gpx
d89f68f6-607e-42cf-87a2-c3c5eaf50792,2021-06-11 22:35:30,Walking,,8.98,1:30:22,10:04,5.96,788.0,223,,"","",2021-06-11-223530.gpx
e43582da-5341-4ff7-8fa4-28cf2bbf3a38,2021-06-08 22:14:41,Walking,,4.33,47:41,11:01,5.45,372.0,107,,"","",2021-06-08-221441.gpx
0a4cc07b-d889-4b30-82b8-99b1c19cac7f,2021-06-04 23:48:10,Walking,,8.81,1:25:47,9:44,6.16,8.57607276E8,231,,"","",2021-06-04-234810.gpx
40befe8e-a1f1-42ae-aa44-5ca3384b31b3,2021-05-31 22:05:01,Walking,,8.55,1:28:13,10:19,5.82,3.4130321E7,200,,"","",2021-05-31-220501.gpx
b349803e-5664-47a2-888e-0ead4560f4d3,2021-05-26 23:03:43,Walking,,8.89,1:27:34,9:51,6.09,753.0,220,,"","",2021-05-26-230343.gpx
373813ae-1d48-4c3c-9d98-4852cf2216b2,2021-05-22 22:32:08,Walking,,8.57,1:24:06,9:49,6.11,727.0,210,,"","",2021-05-22-223208.gpx
d93dc540-2925-4733-89b2-401bd49e6578,2021-05-16 22:31:38,Walking,,9.03,1:27:11,9:39,6.21,747.0,215,,"","",2021-05-16-223138.gpx
7a69b427-9a62-415d-9398-e47843b73db8,2021-05-14 23:13:47,Walking,,9.51,1:36:17,10:08,5.92,762.0,203,,"","",2021-05-14-231347.gpx
3d51cd45-7afc-4c37-8eb6-82f66bba6187,2021-05-08 23:29:12,Walking,,8.80,1:29:21,10:09,5.91,732.0,204,,"","",2021-05-08-232912.gpx
bfdda2b6-2244-481c-b5d1-cb42d009054f,2021-05-02 22:30:21,Walking,,8.85,1:26:26,9:46,6.14,748.0,215,,"","",2021-05-02-223021.gpx
05e51e6d-3028-43fc-a83f-0590a277cf09,2021-04-26 23:10:08,Walking,,7.67,1:19:27,10:22,5.79,614.0,170,,"","",2021-04-26-231008.gpx
09b4af2a-4c45-4b16-bcd9-70df396759ee,2021-04-24 22:58:04,Walking,,8.93,1:29:26,10:01,5.99,755.0,212,,"","",2021-04-24-225804.gpx
6044162c-5899-4c06-ac0d-6d3d76c0ade5,2021-04-18 22:21:49,Walking,,8.93,1:26:53,9:44,6.17,747.0,194,,"","",2021-04-18-222149.gpx
d2387e85-9d99-4070-85d8-7d1576e27a69,2021-04-11 22:34:34,Walking,,8.93,1:23:38,9:22,6.40,732.0,222,,"","",2021-04-11-223434.gpx
4a9bdfd8-85b6-40c1-af53-2d7ba8bbadc1,2021-04-10 23:17:34,Walking,,8.17,1:24:24,10:20,5.81,699.0,201,,"","",2021-04-10-231734.gpx
c6628855-134a-48ff-8ed3-24039124aa7c,2021-04-04 22:18:05,Walking,,7.32,1:12:48,9:57,6.03,621.0,169,,"","",2021-04-04-221805.gpx
1c420a15-6f4f-4b7c-b1fb-fcf86b7b6bed,2021-04-03 22:24:25,Walking,,9.31,1:35:36,10:16,5.84,801.0,227,,"","",2021-04-03-222425.gpx
194ee2f1-cd97-4c6b-8cf7-63e987b8cbae,2021-04-02 23:57:46,Walking,,5.26,1:01:40,11:44,5.12,452.0,138,,"","",2021-04-02-235746.gpx
7c6aafec-a940-49b7-bed6-9bb83e04330c,2021-03-29 22:23:54,Walking,,7.58,1:23:50,11:04,5.42,643.0,190,,"","",2021-03-29-222354.gpx
e116f897-1825-435e-80d9-9200db16d8e0,2021-03-27 22:47:45,Walking,,8.26,1:29:34,10:50,5.53,711.0,187,,"","",2021-03-27-224745.gpx
a6e9f8de-beb9-426c-af4c-1b75deffc8e3,2021-03-21 22:24:58,Walking,,6.87,1:10:24,10:15,5.85,599.0,191,,"","",2021-03-21-222458.gpx
26f91ff1-5192-4edf-a77d-85b1f1381fc2,2021-03-19 22:45:59,Walking,,7.87,1:25:37,10:53,5.51,683.0,207,,"","",2021-03-19-224559.gpx
779b565b-6c35-43fa-bf9a-4a1dd4176d5e,2021-03-16 22:53:19,Walking,,7.04,1:14:31,10:35,5.67,602.0,169,,"","",2021-03-16-225319.gpx
a281e779-2099-4928-a6d5-6940ffc497d1,2021-03-14 22:27:58,Walking,,6.67,1:14:17,11:08,5.39,587.0,172,,"","",2021-03-14-222758.gpx
e998854f-5cd1-491b-916f-325febf19650,2021-03-13 22:49:40,Walking,,6.36,1:16:53,12:06,4.96,577.0,179,,"","",2021-03-13-224940.gpx
93cc5b42-295f-401d-af15-0e24c46dfddc,2021-03-11 22:50:50,Walking,,6.72,1:14:01,11:01,5.44,577.0,159,,"","",2021-03-11-225050.gpx
86e0feb5-216c-4b05-b4ab-1d5f7f21accb,2021-03-09 22:53:10,Walking,,7.16,1:17:46,10:51,5.53,623.0,170,,"","",2021-03-09-225310.gpx
b921a440-61af-4a98-b8cf-8ab2c58c36bb,2021-03-07 22:47:42,Walking,,7.73,1:19:08,10:15,5.86,663.0,188,,"","",2021-03-07-224742.gpx
4398e0a5-d675-4330-8a3e-496cc1df5db0,2021-03-05 22:56:38,Walking,,7.55,1:13:38,9:45,6.15,664.0,190,,"","",2021-03-05-225638.gpx
32a92ae5-6eb6-4e5a-a14d-3c15aa60cfac,2021-03-01 21:05:55,Walking,,7.10,1:11:33,10:05,5.95,587.0,166,,"","",2021-03-01-210555.gpx
22bb6eed-6123-4a7d-86da-d24b1ad4eeb0,2021-02-27 22:11:53,Walking,,1.97,17:42,9:00,6.66,173.0,37,,"","",2021-02-27-221153.gpx
3d0d6c28-46ba-4a01-b718-ba01871c7b81,2021-02-24 22:45:42,Walking,,7.10,1:17:08,10:52,5.52,607.0,173,,"","",2021-02-24-224542.gpx
fae3f8cb-b7ab-4abd-bc60-1c7f2f3f04f9,2021-02-21 22:29:27,Walking,,7.11,1:09:32,9:47,6.14,599.0,179,,"","",2021-02-21-222927.gpx
4ebaf839-808f-45b7-9369-3f482a3a57e2,2021-02-14 22:29:20,Walking,,7.47,1:11:43,9:36,6.25,630.0,176,,"","",2021-02-14-222920.gpx
2e866a3d-44af-466b-9fbc-69d62b2d08a3,2021-01-17 20:43:30,Walking,,6.76,1:15:31,11:10,5.37,580.0,150,,"","",2021-01-17-204330.gpx
5133f0fa-5d6a-4f26-acd9-4499b380524f,2020-12-06 19:52:13,Walking,,3.66,36:14,9:55,6.05,306.0,59,,"","",2020-12-06-195213.gpx
b8a42421-45f8-4efe-8cea-5e3088134c48,2020-11-22 20:03:31,Walking,,3.50,35:09,10:03,5.97,298.0,45,,"","",2020-11-22-200331.gpx
91abae20-9324-4548-8d6a-b50dca6e76a0,2020-11-19 20:46:52,Walking,,2.20,19:53,9:03,6.62,192.0,31,,"","",2020-11-19-204652.gpx
e95b66f8-1832-4369-ac0f-14776f15bb37,2020-11-16 22:02:29,Walking,,3.46,34:08,9:53,6.07,277.0,46,,"","",2020-11-16-220229.gpx
6ee2d692-7fa6-432c-b6cb-1b6e59d01593,2020-10-26 20:14:37,Walking,,1.75,20:07,11:30,5.22,147.0,35,,"","",2020-10-26-201437.gpx
57478a09-caf7-4e2d-b94b-da62397213b0,2020-10-19 20:13:33,Walking,,3.92,41:10,10:30,5.72,332.0,57,,"","",2020-10-19-201333.gpx
565816b0-e717-4f59-af56-3acc27b64704,2020-10-16 05:51:40,Walking,,2.01,21:04,10:29,5.73,161.0,22,,"","",2020-10-16-055140.gpx
82e33802-82e2-47b3-8179-62dd83a8e39e,2020-10-11 20:31:13,Walking,,5.29,56:33,10:42,5.61,425.0,67,,"","",2020-10-11-203113.gpx
f57e3db9-74f3-4417-97bf-89ed8914ec45,2020-10-03 22:26:18,Walking,,3.81,39:48,10:27,5.74,311.0,60,,"","",2020-10-03-222618.gpx
d4300d3f-70e4-4307-9bfd-4bb8c695bfb0,2020-09-27 20:51:13,Walking,,6.76,1:11:31,10:35,5.67,558.0,95,,"","",2020-09-27-205113.gpx
90831f8c-d0c6-4261-ab12-aa9788567bd8,2020-09-20 23:05:49,Walking,,6.22,1:05:19,10:31,5.71,512.0,102,,"","",2020-09-20-230549.gpx
523db5f6-e573-4f85-ab46-3ab8eea42503,2020-09-12 22:12:34,Walking,,7.34,1:22:40,11:16,5.33,600.0,110,,"","",2020-09-12-221234.gpx
62085fe3-a36c-462c-9c56-24fc0da1b25b,2020-08-30 19:46:37,Walking,,3.93,40:40,10:21,5.80,331.0,56,,"","",2020-08-30-194637.gpx
4e9ac360-1fc7-4682-abfd-fcd5060235da,2020-08-09 22:53:42,Walking,,4.41,51:16,11:38,5.15,379.0,62,,"","",2020-08-09-225342.gpx
27c74704-2328-494d-9a80-e1769bec0eb4,2020-08-04 22:25:47,Walking,,5.10,51:46,10:09,5.91,416.0,78,,"","",2020-08-04-222547.gpx
af0a5964-27ae-4305-bd63-aab70f988a9e,2020-08-01 23:09:54,Walking,,4.48,47:52,10:42,5.61,389.0,66,,"","",2020-08-01-230954.gpx
2a4171e7-5c31-4578-8b45-112161a0e4f2,2020-07-13 22:00:12,Walking,,4.97,51:56,10:27,5.74,425.0,68,,"","",2020-07-13-220012.gpx
2fa5a524-d687-4e5f-b116-8952a3cdd4e6,2020-07-10 23:03:26,Walking,,2.76,30:21,10:59,5.46,224.0,42,,"","",2020-07-10-230326.gpx
372fc193-207b-4c19-abb7-a5ca381a063d,2018-12-03 05:53:31,Skating,,5.36,55:55,10:26,5.75,397.0,128,,"","",2018-12-03-055331.gpx
322521e1-52bd-4fc6-a113-0a7d9de643ca,2018-11-25 20:55:14,Skating,,7.19,1:07:18,9:22,6.41,489.0,160,,"","",2018-11-25-205514.gpx
20a4aa10-819d-4095-8f38-2f9d3a6143b5,2018-10-14 21:36:02,Skating,,6.33,1:15:56,12:00,5.00,538.0,144,,"","",2018-10-14-213602.gpx
b6749664-bc39-41e6-9208-b3bb542e6b7a,2018-10-03 21:26:29,Walking,,10.14,1:06:05,6:31,9.21,595.0,144,,"","",2018-10-03-212629.gpx
6ec68e7f-7001-4805-ba04-98510d80e820,2018-09-25 22:33:26,Walking,,6.44,57:20,8:54,6.74,479.0,124,,"","",2018-09-25-223326.gpx
575345e9-aad8-4a90-9688-15ca28ab8a4f,2018-09-24 22:22:26,Walking,,5.71,1:01:14,10:44,5.59,472.0,133,,"","",2018-09-24-222226.gpx
8c235ff6-0663-496f-9fcf-dc81113263a4,2018-09-16 21:35:08,Walking,,0.22,3:37,16:50,3.56,18.0,4,,"","",2018-09-16-213508.gpx
52517dc1-ebc8-4a65-aeb7-ce5625f08d68,2018-07-29 22:14:11,Walking,,1.15,12:07,10:31,5.71,94.0,18,,"","",2018-07-29-221411.gpx
4b32b5a8-51c1-42e1-8a48-d6c4dd823d32,2018-07-15 20:07:34,Walking,,6.06,57:12,9:27,6.35,529.0,131,,"","",2018-07-15-200734.gpx
076e4651-a03e-4daf-ab56-a31c90eb2db5,2018-07-08 21:05:30,Walking,,5.48,52:03,9:30,6.32,469.0,129,,"","",2018-07-08-210530.gpx
cc2878b6-ed07-4e4b-9632-98041ce7ea40,2018-06-24 20:06:31,Walking,,5.41,51:43,9:34,6.28,479.0,137,,"","",2018-06-24-200631.gpx
05a6e5ef-41f4-44ba-bc5d-575c7306e614,2018-06-17 21:20:03,Walking,,5.32,52:31,9:53,6.07,457.0,118,,"","",2018-06-17-212003.gpx
9116da41-8f3f-4d43-be98-543467311f65,2018-06-16 22:21:37,Walking,,4.95,48:54,9:53,6.07,423.0,112,,"","",2018-06-16-222137.gpx
